{
    "epoch": [
        1,
        2,
        3,
        4,
        5
    ],
    "train_loss": [
        1.023226159140103,
        0.7147067074480103,
        0.40958772932724696,
        0.2411629813335848,
        0.17169653858874012
    ],
    "train_acc": [
        0.5399673735725938,
        0.6884176182707994,
        0.8629690048939641,
        0.9119086460032626,
        0.9543230016313213
    ],
    "val_loss": [
        0.8699447843763564,
        0.7937707437409295,
        0.6421051720778147,
        0.6918892479605145,
        0.5565085742208693
    ],
    "val_acc": [
        0.5694444444444444,
        0.7222222222222222,
        0.7361111111111112,
        0.7638888888888888,
        0.7222222222222222
    ]
}