{
    "epoch": [
        1,
        2,
        3,
        4,
        5
    ],
    "train_loss": [
        1.1704677409487876,
        0.7954646296446708,
        0.5982805402010534,
        0.44629248280266565,
        0.24328678695646042
    ],
    "train_acc": [
        0.4453507342890853,
        0.6052202284822261,
        0.7259380098851625,
        0.8042414355628059,
        0.9102773248274214
    ],
    "val_loss": [
        1.0423587163289387,
        0.9939400355021158,
        0.8799752195676168,
        0.6707667907079061,
        0.5883142418331571
    ],
    "val_acc": [
        0.4722222222222222,
        0.6388888888888888,
        0.6666666666666666,
        0.7222222222222222,
        0.7638888888888888
    ]
}