{
  "model_path": "results/model_dp_like_nm08.pth",
  "tag": "model_dp_like_nm08",
  "accuracy": {
    "clean": 0.9111111111111111,
    "noise": {
      "0.0": 0.9111111111111111,
      "0.05": 0.8444444444444444,
      "0.1": 0.5936507936507937,
      "0.2": 0.4126984126984127
    },
    "blur": {
      "0.0": 0.9111111111111111,
      "0.8": 0.8857142857142857,
      "1.5": 0.7873015873015873,
      "2.5": 0.48253968253968255
    },
    "brightness": {
      "0.7": 0.8158730158730159,
      "0.85": 0.9111111111111111,
      "1.0": 0.9111111111111111,
      "1.15": 0.8857142857142857,
      "1.3": 0.8222222222222222
    }
  },
  "levels": {
    "noise": [
      0.0,
      0.05,
      0.1,
      0.2
    ],
    "blur": [
      0.0,
      0.8,
      1.5,
      2.5
    ],
    "brightness": [
      0.7,
      0.85,
      1.0,
      1.15,
      1.3
    ]
  }
}