{
  "model_path": "results/model_federated_weighted_global_50_rounds.pth",
  "tag": "model_federated_weighted_global_50_rounds",
  "accuracy": {
    "clean": 0.9142857142857143,
    "noise": {
      "0.0": 0.9142857142857143,
      "0.05": 0.8666666666666667,
      "0.1": 0.6253968253968254,
      "0.2": 0.47619047619047616
    },
    "blur": {
      "0.0": 0.9142857142857143,
      "0.8": 0.8761904761904762,
      "1.5": 0.7746031746031746,
      "2.5": 0.4857142857142857
    },
    "brightness": {
      "0.7": 0.8126984126984127,
      "0.85": 0.9142857142857143,
      "1.0": 0.9142857142857143,
      "1.15": 0.8825396825396825,
      "1.3": 0.834920634920635
    }
  },
  "levels": {
    "noise": [
      0.0,
      0.05,
      0.1,
      0.2
    ],
    "blur": [
      0.0,
      0.8,
      1.5,
      2.5
    ],
    "brightness": [
      0.7,
      0.85,
      1.0,
      1.15,
      1.3
    ]
  }
}