{
  "model_path": "results/model_federated_fedprox_mu0.01_rounds15.pth",
  "tag": "model_federated_fedprox_mu0.01_rounds15",
  "accuracy": {
    "clean": 0.5015873015873016,
    "noise": {
      "0.0": 0.5015873015873016,
      "0.05": 0.4888888888888889,
      "0.1": 0.4158730158730159,
      "0.2": 0.24761904761904763
    },
    "blur": {
      "0.0": 0.5015873015873016,
      "0.8": 0.546031746031746,
      "1.5": 0.5238095238095238,
      "2.5": 0.4222222222222222
    },
    "brightness": {
      "0.7": 0.4253968253968254,
      "0.85": 0.5301587301587302,
      "1.0": 0.5015873015873016,
      "1.15": 0.3904761904761905,
      "1.3": 0.3047619047619048
    }
  },
  "levels": {
    "noise": [
      0.0,
      0.05,
      0.1,
      0.2
    ],
    "blur": [
      0.0,
      0.8,
      1.5,
      2.5
    ],
    "brightness": [
      0.7,
      0.85,
      1.0,
      1.15,
      1.3
    ]
  }
}