{
  "model_path": "results/model_dp_like_nm02.pth",
  "tag": "model_dp_like_nm02",
  "accuracy": {
    "clean": 0.9142857142857143,
    "noise": {
      "0.0": 0.9142857142857143,
      "0.05": 0.834920634920635,
      "0.1": 0.6253968253968254,
      "0.2": 0.4793650793650794
    },
    "blur": {
      "0.0": 0.9142857142857143,
      "0.8": 0.8857142857142857,
      "1.5": 0.7492063492063492,
      "2.5": 0.4253968253968254
    },
    "brightness": {
      "0.7": 0.7873015873015873,
      "0.85": 0.9047619047619048,
      "1.0": 0.9142857142857143,
      "1.15": 0.8952380952380953,
      "1.3": 0.8571428571428571
    }
  },
  "levels": {
    "noise": [
      0.0,
      0.05,
      0.1,
      0.2
    ],
    "blur": [
      0.0,
      0.8,
      1.5,
      2.5
    ],
    "brightness": [
      0.7,
      0.85,
      1.0,
      1.15,
      1.3
    ]
  }
}