{
  "model_path": "results/model_federated_weighted_global_15_rounds.pth",
  "tag": "model_federated_weighted_global_15_rounds",
  "accuracy": {
    "clean": 0.546031746031746,
    "noise": {
      "0.0": 0.546031746031746,
      "0.05": 0.5365079365079365,
      "0.1": 0.4634920634920635,
      "0.2": 0.2
    },
    "blur": {
      "0.0": 0.546031746031746,
      "0.8": 0.49523809523809526,
      "1.5": 0.35555555555555557,
      "2.5": 0.273015873015873
    },
    "brightness": {
      "0.7": 0.4380952380952381,
      "0.85": 0.5142857142857142,
      "1.0": 0.546031746031746,
      "1.15": 0.5619047619047619,
      "1.3": 0.473015873015873
    }
  },
  "levels": {
    "noise": [
      0.0,
      0.05,
      0.1,
      0.2
    ],
    "blur": [
      0.0,
      0.8,
      1.5,
      2.5
    ],
    "brightness": [
      0.7,
      0.85,
      1.0,
      1.15,
      1.3
    ]
  }
}