{
  "model_path": "results/model_federated_global_dp_nm08.pth",
  "tag": "model_federated_global_dp_nm08",
  "accuracy": {
    "clean": 0.526984126984127,
    "noise": {
      "0.0": 0.526984126984127,
      "0.05": 0.5396825396825397,
      "0.1": 0.5111111111111111,
      "0.2": 0.326984126984127
    },
    "blur": {
      "0.0": 0.526984126984127,
      "0.8": 0.5396825396825397,
      "1.5": 0.5365079365079365,
      "2.5": 0.526984126984127
    },
    "brightness": {
      "0.7": 0.45396825396825397,
      "0.85": 0.5428571428571428,
      "1.0": 0.526984126984127,
      "1.15": 0.4984126984126984,
      "1.3": 0.37777777777777777
    }
  },
  "levels": {
    "noise": [
      0.0,
      0.05,
      0.1,
      0.2
    ],
    "blur": [
      0.0,
      0.8,
      1.5,
      2.5
    ],
    "brightness": [
      0.7,
      0.85,
      1.0,
      1.15,
      1.3
    ]
  }
}