{
  "model_path": "results/model_federated_global_dp_nm02.pth",
  "tag": "model_federated_global_dp_nm02",
  "accuracy": {
    "clean": 0.526984126984127,
    "noise": {
      "0.0": 0.526984126984127,
      "0.05": 0.526984126984127,
      "0.1": 0.45396825396825397,
      "0.2": 0.28888888888888886
    },
    "blur": {
      "0.0": 0.526984126984127,
      "0.8": 0.5365079365079365,
      "1.5": 0.5619047619047619,
      "2.5": 0.5619047619047619
    },
    "brightness": {
      "0.7": 0.46984126984126984,
      "0.85": 0.5301587301587302,
      "1.0": 0.526984126984127,
      "1.15": 0.46984126984126984,
      "1.3": 0.3492063492063492
    }
  },
  "levels": {
    "noise": [
      0.0,
      0.05,
      0.1,
      0.2
    ],
    "blur": [
      0.0,
      0.8,
      1.5,
      2.5
    ],
    "brightness": [
      0.7,
      0.85,
      1.0,
      1.15,
      1.3
    ]
  }
}